-- Database Backup for arc-hive-maindb
-- Generated: 2025-08-18 19:34:41
-- Type: Automatic

-- Table structure for departments

CREATE TABLE `departments` (
  `department_id` int(11) NOT NULL AUTO_INCREMENT,
  `department_name` varchar(255) NOT NULL COMMENT 'Name of the department',
  `department_type` enum('college','office','sub_department') NOT NULL COMMENT 'Type (e.g., college, office, sub_department)',
  `name_type` enum('Academic','Administrative','Program') NOT NULL COMMENT 'Category (e.g., Academic, Administrative, Program)',
  `parent_department_id` int(11) DEFAULT NULL COMMENT 'Recursive reference to parent department',
  PRIMARY KEY (`department_id`),
  KEY `idx_parent_department` (`parent_department_id`),
  KEY `idx_department_type` (`department_type`,`name_type`),
  CONSTRAINT `fk_departments_parent` FOREIGN KEY (`parent_department_id`) REFERENCES `departments` (`department_id`) ON DELETE SET NULL
) ENGINE=InnoDB AUTO_INCREMENT=31 DEFAULT CHARSET=utf8mb4 COLLATE=utf8mb4_general_ci;

-- Data for departments
INSERT INTO `departments` VALUES ('1','College of Education','college','Academic',NULL);
INSERT INTO `departments` VALUES ('2','College of Arts and Sciences','college','Academic',NULL);
INSERT INTO `departments` VALUES ('3','College of Engineering and Technology','college','Academic',NULL);
INSERT INTO `departments` VALUES ('4','College of Business and Management','college','Academic',NULL);
INSERT INTO `departments` VALUES ('5','College of Agriculture and Forestry','college','Academic',NULL);
INSERT INTO `departments` VALUES ('6','College of Veterinary Medicine','college','Academic',NULL);
INSERT INTO `departments` VALUES ('7','Bachelor of Elementary Education','sub_department','Program','1');
INSERT INTO `departments` VALUES ('8','Early Childhood Education','sub_department','Program','1');
INSERT INTO `departments` VALUES ('9','Secondary Education','sub_department','Program','1');
INSERT INTO `departments` VALUES ('10','Technology and Livelihood Education','sub_department','Program','1');
INSERT INTO `departments` VALUES ('11','BS Development Communication','sub_department','Program','2');
INSERT INTO `departments` VALUES ('12','BS Psychology','sub_department','Program','2');
INSERT INTO `departments` VALUES ('13','AB Economics','sub_department','Program','2');
INSERT INTO `departments` VALUES ('14','BS Geodetic Engineering','sub_department','Program','3');
INSERT INTO `departments` VALUES ('15','BS Agricultural and Biosystems Engineering','sub_department','Program','3');
INSERT INTO `departments` VALUES ('16','BS Information Technology','sub_department','Program','3');
INSERT INTO `departments` VALUES ('17','BS Business Administration','sub_department','Program','4');
INSERT INTO `departments` VALUES ('18','BS Tourism Management','sub_department','Program','4');
INSERT INTO `departments` VALUES ('19','BS Entrepreneurship','sub_department','Program','4');
INSERT INTO `departments` VALUES ('20','BS Agribusiness','sub_department','Program','4');
INSERT INTO `departments` VALUES ('21','BS Agriculture','sub_department','Program','5');
INSERT INTO `departments` VALUES ('22','BS Forestry','sub_department','Program','5');
INSERT INTO `departments` VALUES ('23','BS Animal Science','sub_department','Program','5');
INSERT INTO `departments` VALUES ('24','BS Food Technology','sub_department','Program','5');
INSERT INTO `departments` VALUES ('25','Doctor of Veterinary Medicine','sub_department','Program','6');
INSERT INTO `departments` VALUES ('26','Admission and Registration Services','office','Administrative',NULL);
INSERT INTO `departments` VALUES ('27','Audit Offices','office','Administrative',NULL);
INSERT INTO `departments` VALUES ('28','External Linkages and International Affairs','office','Administrative',NULL);
INSERT INTO `departments` VALUES ('29','Management Information Systems','office','Administrative',NULL);
INSERT INTO `departments` VALUES ('30','Office of the President','office','Administrative',NULL);

-- Table structure for document_types

CREATE TABLE `document_types` (
  `document_type_id` int(11) NOT NULL AUTO_INCREMENT,
  `type_name` varchar(50) NOT NULL COMMENT 'Name of the document type (e.g., Memorandum)',
  `field_name` varchar(50) NOT NULL COMMENT 'Field identifier for the document type',
  `field_label` varchar(255) NOT NULL COMMENT 'Human-readable label for the field',
  `field_type` enum('text','number','date','file') NOT NULL COMMENT 'Data type of the field',
  `is_required` tinyint(1) NOT NULL DEFAULT 0 COMMENT 'Whether the field is mandatory',
  PRIMARY KEY (`document_type_id`),
  KEY `idx_type_name` (`type_name`)
) ENGINE=InnoDB AUTO_INCREMENT=7 DEFAULT CHARSET=utf8mb4 COLLATE=utf8mb4_general_ci;

-- Data for document_types
INSERT INTO `document_types` VALUES ('1','Memorandum','memo','Memorandum Content','text','1');
INSERT INTO `document_types` VALUES ('2','Letter','letter','Letter Content','text','1');
INSERT INTO `document_types` VALUES ('3','Notice','notice','Notice Content','text','1');
INSERT INTO `document_types` VALUES ('4','Announcement','announcement','Announcement Content','text','1');
INSERT INTO `document_types` VALUES ('5','Invitation','invitation','Invitation Content','text','1');
INSERT INTO `document_types` VALUES ('6','Sample Type','sample','Sample Type Content','text','1');

-- Table structure for files

CREATE TABLE `files` (
  `file_id` int(11) NOT NULL AUTO_INCREMENT,
  `parent_file_id` int(11) DEFAULT NULL COMMENT 'Recursive reference to parent file (e.g., for versions or copies)',
  `file_name` varchar(255) NOT NULL COMMENT 'Name of the file',
  `meta_data` varchar(255) DEFAULT NULL COMMENT 'Optional metadata (e.g., description)',
  `user_id` int(11) NOT NULL COMMENT 'Uploader user ID',
  `upload_date` datetime DEFAULT NULL COMMENT 'File upload timestamp',
  `file_size` int(11) NOT NULL COMMENT 'File size in bytes',
  `file_type` enum('pdf','docx','txt','png','jpg','jpeg','csv','xlsx') NOT NULL COMMENT 'File type (e.g., pdf, docx, txt, png, jpg, jpeg, csv, xlsx)',
  `document_type_id` int(11) DEFAULT NULL COMMENT 'References document_types.document_type_id',
  `file_status` enum('active','archived','deleted','pending_ocr','ocr_complete') NOT NULL DEFAULT 'active' COMMENT 'Lifecycle status of the file',
  `location_id` int(11) DEFAULT NULL COMMENT 'References storage_locations.location_id',
  `copy_type` enum('original','copy') DEFAULT NULL COMMENT 'Type of copy (e.g., copy, original)',
  `file_path` varchar(255) NOT NULL COMMENT 'File storage path',
  `department_id` int(11) DEFAULT NULL COMMENT 'References departments.department_id',
  PRIMARY KEY (`file_id`),
  KEY `idx_parent_file` (`parent_file_id`),
  KEY `idx_user_id` (`user_id`),
  KEY `idx_document_type` (`document_type_id`),
  KEY `idx_location_id` (`location_id`),
  KEY `idx_file_status` (`file_status`),
  KEY `idx_upload_date` (`upload_date`),
  KEY `idx_file_copy_type` (`copy_type`),
  KEY `idx_file_document_status` (`document_type_id`,`file_status`),
  KEY `fk_files_department` (`department_id`),
  CONSTRAINT `fk_files_department` FOREIGN KEY (`department_id`) REFERENCES `departments` (`department_id`) ON DELETE SET NULL,
  CONSTRAINT `fk_files_document_type` FOREIGN KEY (`document_type_id`) REFERENCES `document_types` (`document_type_id`) ON DELETE SET NULL,
  CONSTRAINT `fk_files_location` FOREIGN KEY (`location_id`) REFERENCES `storage_locations` (`location_id`) ON DELETE SET NULL,
  CONSTRAINT `fk_files_parent` FOREIGN KEY (`parent_file_id`) REFERENCES `files` (`file_id`) ON DELETE SET NULL ON UPDATE CASCADE,
  CONSTRAINT `fk_files_user` FOREIGN KEY (`user_id`) REFERENCES `users` (`user_id`) ON DELETE CASCADE
) ENGINE=InnoDB AUTO_INCREMENT=116 DEFAULT CHARSET=utf8mb4 COLLATE=utf8mb4_general_ci;

-- Data for files
INSERT INTO `files` VALUES ('14',NULL,'Annual Report 2025.pdf','Annual report for 2025','20','2025-07-10 09:00:00','1000000','pdf','1','active',NULL,NULL,'uploads/annual_report_2025.pdf',NULL);
INSERT INTO `files` VALUES ('15','14','Annual Report 2025 Audit Copy.pdf','Audit copy of annual report','20','2025-07-11 10:00:00','1000000','pdf','1','active',NULL,'copy','uploads/annual_report_2025_audit.pdf',NULL);
INSERT INTO `files` VALUES ('16','14','Annual Report 2025 Executive Copy.pdf','Executive copy of annual report','20','2025-07-12 11:00:00','1000000','pdf','1','active',NULL,'copy','uploads/annual_report_2025_exec.pdf',NULL);
INSERT INTO `files` VALUES ('17',NULL,'Faculty Evaluation 2025.pdf','Faculty evaluation report','24','2025-07-15 14:00:00','500000','pdf',NULL,'active',NULL,NULL,'uploads/faculty_evaluation_2025.pdf',NULL);
INSERT INTO `files` VALUES ('18',NULL,'Budget Proposal 2025.pdf','Budget proposal for 2025','25','2025-07-20 08:00:00','750000','pdf',NULL,'active',NULL,NULL,'uploads/budget_proposal_2025.pdf',NULL);
INSERT INTO `files` VALUES ('19',NULL,'University Gala Invitation 2025.pdf','Gala invitation','21','2025-08-01 12:00:00','200000','pdf','5','active',NULL,NULL,'uploads/gala_invitation_2025.pdf',NULL);
INSERT INTO `files` VALUES ('20','19','University Gala Invitation External.pdf','External gala invitation','21','2025-08-02 13:00:00','200000','pdf','5','active',NULL,'copy','uploads/gala_invitation_external.pdf',NULL);
INSERT INTO `files` VALUES ('21',NULL,'Department Meeting Notice Aug 2025.pdf','Meeting notice','20','2025-08-06 09:00:00','150000','pdf','3','active',NULL,NULL,'uploads/meeting_notice_aug_2025.pdf',NULL);
INSERT INTO `files` VALUES ('22','21','Department Meeting Notice Audit.pdf','Audit copy of meeting notice','20','2025-08-06 10:00:00','150000','pdf','3','active',NULL,'copy','uploads/meeting_notice_audit.pdf',NULL);
INSERT INTO `files` VALUES ('23',NULL,'University Announcement 2025.pdf','University announcement','21','2025-08-07 11:00:00','300000','pdf','4','active',NULL,NULL,'uploads/announcement_2025.pdf',NULL);
INSERT INTO `files` VALUES ('24',NULL,'Research Proposal 2025.pdf','Research proposal','20','2025-08-08 12:00:00','600000','pdf',NULL,'active',NULL,NULL,'uploads/research_proposal_2025.pdf',NULL);
INSERT INTO `files` VALUES ('25','24','Research Proposal External.pdf','External research proposal','20','2025-08-08 13:00:00','600000','pdf',NULL,'active',NULL,'copy','uploads/research_proposal_external.pdf',NULL);
INSERT INTO `files` VALUES ('26',NULL,'Budget Allocation Memo 2025.pdf','Budget allocation memo','23','2025-08-09 14:00:00','250000','pdf','1','active',NULL,NULL,'uploads/budget_memo_2025.pdf',NULL);
INSERT INTO `files` VALUES ('27',NULL,'CRITIQUE OF PAPER PUBLISHED BY RATHOD.docx','Paper critique','14',NULL,'482059','docx',NULL,'active',NULL,NULL,'uploads/d3994ae5f1d1b75d_CRITIQUEOFPAPERPUBLISHEDBYRATHOD.docx',NULL);
INSERT INTO `files` VALUES ('28',NULL,'thesis.pdf','Thesis document','14',NULL,'9310558','pdf',NULL,'active',NULL,NULL,'uploads/cde5e08644b1c85d_thesis.pdf',NULL);
INSERT INTO `files` VALUES ('29','28','thesis_copy1.pdf','Thesis copy 1','14',NULL,'9310558','pdf',NULL,'active',NULL,'copy','uploads/54a2f12a84e343b5_thesis.pdf',NULL);
INSERT INTO `files` VALUES ('30','28','thesis_copy2.pdf','Thesis copy 2','14',NULL,'9310558','pdf',NULL,'active',NULL,'copy','uploads/a6e6517be80d137f_thesis.pdf',NULL);
INSERT INTO `files` VALUES ('31',NULL,'CamScanner 08-01-2025 17.20.pdf','Scanned document','14',NULL,'570260','pdf',NULL,'active',NULL,NULL,'uploads/8cdbf57b72014f68_CamScanner08-01-202517.20.pdf',NULL);
INSERT INTO `files` VALUES ('32','28','thesis_copy3.pdf','Thesis copy 3','14',NULL,'9310558','pdf',NULL,'active',NULL,'copy','uploads/06cf714570d972da_thesis.pdf',NULL);
INSERT INTO `files` VALUES ('33','28','thesis_copy4.pdf','Thesis copy 4','14',NULL,'9310558','pdf',NULL,'active',NULL,'copy','uploads/1e08e17f655934a2_thesis.pdf',NULL);
INSERT INTO `files` VALUES ('34',NULL,'CamScanner 08-01-2025 17.16.pdf','Scanned document','14',NULL,'634638','pdf',NULL,'active',NULL,NULL,'uploads/958acb384be0fa46_CamScanner08-01-202517.16.pdf',NULL);
INSERT INTO `files` VALUES ('112',NULL,'arc-hive-maindb.txt',NULL,'15','2025-08-14 14:57:29','12246','txt',NULL,'pending_ocr',NULL,NULL,'uploads/a2a231b9a2c94742_arc-hive-maindb.txt',NULL);
INSERT INTO `files` VALUES ('113',NULL,'461228094_946651137504535_8475665677864111509_n.png',NULL,'15','2025-08-16 16:43:50','24747','png',NULL,'ocr_complete',NULL,NULL,'Uploads/88777dbb9e5b610c_461228094_946651137504535_8475665677864111509_n.png',NULL);
INSERT INTO `files` VALUES ('114',NULL,'461597278_1045444953946557_2039167713515838212_n.png',NULL,'15','2025-08-16 16:59:25','21350','png',NULL,'ocr_complete',NULL,NULL,'Uploads/d6fa36ff3899b9da_461597278_1045444953946557_2039167713515838212_n.png',NULL);
INSERT INTO `files` VALUES ('115',NULL,'Arc-Hive Questionnaires.docx',NULL,'26',NULL,'18062','docx',NULL,'active',NULL,NULL,'uploads/4f40cfec9d5ef071_Arc-HiveQuestionnaires.docx',NULL);

-- Table structure for storage_locations

CREATE TABLE `storage_locations` (
  `location_id` int(11) NOT NULL AUTO_INCREMENT,
  `location_name` varchar(255) NOT NULL COMMENT 'Name of the storage unit (e.g., Building A, Cabinet 1, Folder X)',
  `location_type` enum('college','sub_department','building','room','cabinet','layer','box','folder') NOT NULL COMMENT 'Type of storage unit',
  `department_id` int(11) DEFAULT NULL COMMENT 'References departments.department_id for college/sub_department',
  `parent_location_id` int(11) DEFAULT NULL COMMENT 'Recursive reference to parent storage location',
  `storage_capacity` int(11) DEFAULT NULL COMMENT 'Capacity (number of files, for folders only)',
  `qr_code` varchar(100) DEFAULT NULL COMMENT 'QR code identifier for the storage unit',
  PRIMARY KEY (`location_id`),
  UNIQUE KEY `idx_qr_code` (`qr_code`),
  KEY `idx_department_id` (`department_id`),
  KEY `idx_parent_location` (`parent_location_id`),
  KEY `idx_location_type` (`location_type`),
  CONSTRAINT `fk_storage_locations_department` FOREIGN KEY (`department_id`) REFERENCES `departments` (`department_id`) ON DELETE SET NULL,
  CONSTRAINT `fk_storage_locations_parent` FOREIGN KEY (`parent_location_id`) REFERENCES `storage_locations` (`location_id`) ON DELETE CASCADE
) ENGINE=InnoDB DEFAULT CHARSET=utf8mb4 COLLATE=utf8mb4_general_ci;

-- Table structure for text_repository

CREATE TABLE `text_repository` (
  `content_id` int(11) NOT NULL AUTO_INCREMENT,
  `file_id` int(11) NOT NULL COMMENT 'References files.file_id',
  `extracted_text` text DEFAULT NULL COMMENT 'Extracted text content from file',
  `word_positions` longtext CHARACTER SET utf8mb4 COLLATE utf8mb4_bin DEFAULT NULL COMMENT 'JSON array of word positions for highlighting (e.g., [{"word": "example", "start": 10, "end": 17}, ...])' CHECK (json_valid(`word_positions`)),
  PRIMARY KEY (`content_id`),
  KEY `idx_file_id` (`file_id`),
  FULLTEXT KEY `idx_extracted_text` (`extracted_text`),
  CONSTRAINT `fk_text_repository_file` FOREIGN KEY (`file_id`) REFERENCES `files` (`file_id`) ON DELETE CASCADE ON UPDATE CASCADE
) ENGINE=InnoDB AUTO_INCREMENT=143 DEFAULT CHARSET=utf8mb4 COLLATE=utf8mb4_general_ci;

-- Data for text_repository
INSERT INTO `text_repository` VALUES ('107','112',NULL,NULL);
INSERT INTO `text_repository` VALUES ('108','14',NULL,NULL);
INSERT INTO `text_repository` VALUES ('109','15',NULL,NULL);
INSERT INTO `text_repository` VALUES ('110','16',NULL,NULL);
INSERT INTO `text_repository` VALUES ('111','17',NULL,NULL);
INSERT INTO `text_repository` VALUES ('112','18',NULL,NULL);
INSERT INTO `text_repository` VALUES ('113','19',NULL,NULL);
INSERT INTO `text_repository` VALUES ('114','20',NULL,NULL);
INSERT INTO `text_repository` VALUES ('115','21',NULL,NULL);
INSERT INTO `text_repository` VALUES ('116','22',NULL,NULL);
INSERT INTO `text_repository` VALUES ('117','23',NULL,NULL);
INSERT INTO `text_repository` VALUES ('118','24',NULL,NULL);
INSERT INTO `text_repository` VALUES ('119','25',NULL,NULL);
INSERT INTO `text_repository` VALUES ('120','26',NULL,NULL);
INSERT INTO `text_repository` VALUES ('121','27',NULL,NULL);
INSERT INTO `text_repository` VALUES ('122','28',NULL,NULL);
INSERT INTO `text_repository` VALUES ('123','29',NULL,NULL);
INSERT INTO `text_repository` VALUES ('124','30',NULL,NULL);
INSERT INTO `text_repository` VALUES ('125','31',NULL,NULL);
INSERT INTO `text_repository` VALUES ('126','32',NULL,NULL);
INSERT INTO `text_repository` VALUES ('127','33',NULL,NULL);
INSERT INTO `text_repository` VALUES ('128','34',NULL,NULL);
INSERT INTO `text_repository` VALUES ('139','113',NULL,NULL);
INSERT INTO `text_repository` VALUES ('140','113','For Home Agriculture:\n1. “AgriVirtuoso: Al-Driven Virtual Agronomy Advisor\"\nDevelop a web platform that provides personalized agronomy advice to home gardeners and\nsmall-scale farmers. Using Al, the system analyzes user-submitted data (e.g., soil samples, plant\nimages, local weather) to recommend optimal planting schedules, pest management strategies,\n\nand crop rotation plans.\n',NULL);
INSERT INTO `text_repository` VALUES ('141','114',NULL,NULL);
INSERT INTO `text_repository` VALUES ('142','114','3. “PlantPulse: Real-Time Plant Health Monitoring Dashboard\"\nBuild a comprehensive web dashboard that aggregates data from various sources (e.g., user\ninputs, local climate APIs) to monitor the health of home-grown plants. Utilize Al to detect signs\nof stress or disease from user-uploaded images and provide actionable insights to maintain\nplant vitality.\n',NULL);

-- Table structure for transactions

CREATE TABLE `transactions` (
  `transaction_id` int(11) NOT NULL AUTO_INCREMENT,
  `user_id` int(11) DEFAULT NULL COMMENT 'References users.user_id',
  `users_department_id` int(11) DEFAULT NULL COMMENT 'References users_department.users_department_id',
  `file_id` int(11) DEFAULT NULL COMMENT 'References files.file_id',
  `transaction_type` enum('upload','download','sent','received','requested','accepted','denied','edited','copied','distributed','retrieve','login','login_success','login_failure','edit_user','fetch_document_types','ocr_process','ocr_retry') NOT NULL COMMENT 'Type of transaction (covers all activity logs)',
  `transaction_status` enum('completed','failed','scheduled','pending') NOT NULL COMMENT 'Status of the transaction',
  `transaction_time` datetime NOT NULL COMMENT 'Timestamp of the transaction',
  `description` varchar(255) DEFAULT NULL COMMENT 'Optional description of the transaction',
  PRIMARY KEY (`transaction_id`),
  KEY `idx_user_type_time` (`user_id`,`transaction_type`,`transaction_time`),
  KEY `idx_user_id` (`user_id`),
  KEY `idx_users_department_id` (`users_department_id`),
  KEY `idx_file_id` (`file_id`),
  KEY `idx_transaction_type` (`transaction_type`),
  KEY `idx_transaction_time` (`transaction_time`),
  KEY `idx_transaction_activity` (`transaction_type`,`transaction_status`,`transaction_time`),
  CONSTRAINT `fk_transactions_file` FOREIGN KEY (`file_id`) REFERENCES `files` (`file_id`) ON DELETE SET NULL,
  CONSTRAINT `fk_transactions_user` FOREIGN KEY (`user_id`) REFERENCES `users` (`user_id`) ON DELETE SET NULL,
  CONSTRAINT `fk_transactions_users_department` FOREIGN KEY (`users_department_id`) REFERENCES `users_department` (`users_department_id`) ON DELETE SET NULL
) ENGINE=InnoDB AUTO_INCREMENT=179 DEFAULT CHARSET=utf8mb4 COLLATE=utf8mb4_general_ci;

-- Data for transactions
INSERT INTO `transactions` VALUES ('14','14',NULL,'27','upload','completed','2025-08-01 17:16:00','Uploaded CRITIQUE OF PAPER PUBLISHED BY RATHOD.docx');
INSERT INTO `transactions` VALUES ('15','14',NULL,'28','upload','completed','2025-08-01 17:16:00','Uploaded thesis.pdf');
INSERT INTO `transactions` VALUES ('16','14',NULL,'29','upload','completed','2025-08-01 17:16:00','Uploaded thesis_copy1.pdf');
INSERT INTO `transactions` VALUES ('17','14',NULL,'30','upload','completed','2025-08-01 17:16:00','Uploaded thesis_copy2.pdf');
INSERT INTO `transactions` VALUES ('18','14',NULL,'31','upload','completed','2025-08-01 17:20:00','Uploaded CamScanner 08-01-2025 17.20.pdf');
INSERT INTO `transactions` VALUES ('19','14',NULL,'32','upload','completed','2025-08-01 17:20:00','Uploaded thesis_copy3.pdf');
INSERT INTO `transactions` VALUES ('20','14',NULL,'33','upload','completed','2025-08-01 17:20:00','Uploaded thesis_copy4.pdf');
INSERT INTO `transactions` VALUES ('21','14',NULL,'34','upload','completed','2025-08-01 17:20:00','Uploaded CamScanner 08-01-2025 17.16.pdf');
INSERT INTO `transactions` VALUES ('22','20',NULL,'14','upload','completed','2025-07-10 09:00:00','Uploaded Annual Report 2025.pdf');
INSERT INTO `transactions` VALUES ('23','20',NULL,'15','upload','completed','2025-07-11 10:00:00','Uploaded Annual Report 2025 Audit Copy.pdf');
INSERT INTO `transactions` VALUES ('24','20',NULL,'16','upload','completed','2025-07-12 11:00:00','Uploaded Annual Report 2025 Executive Copy.pdf');
INSERT INTO `transactions` VALUES ('25','24',NULL,'17','upload','completed','2025-07-15 14:00:00','Uploaded Faculty Evaluation 2025.pdf');
INSERT INTO `transactions` VALUES ('26','25',NULL,'18','upload','completed','2025-07-20 08:00:00','Uploaded Budget Proposal 2025.pdf');
INSERT INTO `transactions` VALUES ('27','21',NULL,'19','upload','completed','2025-08-01 12:00:00','Uploaded University Gala Invitation 2025.pdf');
INSERT INTO `transactions` VALUES ('28','21',NULL,'20','upload','completed','2025-08-02 13:00:00','Uploaded University Gala Invitation External.pdf');
INSERT INTO `transactions` VALUES ('29','20',NULL,'21','upload','completed','2025-08-06 09:00:00','Uploaded Department Meeting Notice Aug 2025.pdf');
INSERT INTO `transactions` VALUES ('30','20',NULL,'22','upload','completed','2025-08-06 10:00:00','Uploaded Department Meeting Notice Audit.pdf');
INSERT INTO `transactions` VALUES ('31','21',NULL,'23','upload','completed','2025-08-07 11:00:00','Uploaded University Announcement 2025.pdf');
INSERT INTO `transactions` VALUES ('32','20',NULL,'24','upload','completed','2025-08-08 12:00:00','Uploaded Research Proposal 2025.pdf');
INSERT INTO `transactions` VALUES ('33','20',NULL,'25','upload','completed','2025-08-08 13:00:00','Uploaded Research Proposal External.pdf');
INSERT INTO `transactions` VALUES ('34','23',NULL,'26','upload','completed','2025-08-09 14:00:00','Uploaded Budget Allocation Memo 2025.pdf');
INSERT INTO `transactions` VALUES ('124','14',NULL,NULL,'edit_user','completed','2025-08-11 22:56:09','Edited user: user');
INSERT INTO `transactions` VALUES ('125','15',NULL,NULL,'login_success','completed','2025-08-11 22:56:25','User logged in successfully');
INSERT INTO `transactions` VALUES ('126','14',NULL,NULL,'fetch_document_types','completed','2025-08-11 23:15:26','Fetched document type fields');
INSERT INTO `transactions` VALUES ('127',NULL,NULL,NULL,'login_failure','failed','2025-08-12 23:16:36','Invalid login attempt for username: ADMIN');
INSERT INTO `transactions` VALUES ('128','14',NULL,NULL,'login_success','completed','2025-08-12 23:18:37','User logged in successfully');
INSERT INTO `transactions` VALUES ('129',NULL,NULL,NULL,'login_failure','failed','2025-08-12 23:29:08','Invalid login attempt for username: Sgt Caleb Steven A Lagunilla PA (Res)');
INSERT INTO `transactions` VALUES ('130','14',NULL,NULL,'login_success','completed','2025-08-12 23:29:54','User logged in successfully');
INSERT INTO `transactions` VALUES ('131',NULL,NULL,NULL,'login_failure','failed','2025-08-13 01:45:25','Invalid login attempt for username: Sgt Caleb Steven A Lagunilla PA (Res)');
INSERT INTO `transactions` VALUES ('132','14',NULL,NULL,'login_success','completed','2025-08-13 01:45:30','User logged in successfully');
INSERT INTO `transactions` VALUES ('133','14',NULL,NULL,'login_success','completed','2025-08-13 10:13:13','User logged in successfully');
INSERT INTO `transactions` VALUES ('134','14',NULL,NULL,'login_success','completed','2025-08-13 10:38:45','User logged in successfully');
INSERT INTO `transactions` VALUES ('135',NULL,NULL,NULL,'login_failure','failed','2025-08-13 12:27:14','Invalid login attempt for username: Sgt Caleb Steven A Lagunilla PA (Res)');
INSERT INTO `transactions` VALUES ('136',NULL,NULL,NULL,'login_failure','failed','2025-08-13 12:27:21','Invalid login attempt for username: Sgt Caleb Steven A Lagunilla PA (Res)');
INSERT INTO `transactions` VALUES ('137','14',NULL,NULL,'login_success','completed','2025-08-13 12:27:35','User logged in successfully');
INSERT INTO `transactions` VALUES ('138',NULL,NULL,NULL,'login_failure','failed','2025-08-13 13:25:58','Invalid login attempt for username: Sgt Caleb Steven A Lagunilla PA (Res)');
INSERT INTO `transactions` VALUES ('139','14',NULL,NULL,'login_success','completed','2025-08-13 13:26:04','User logged in successfully');
INSERT INTO `transactions` VALUES ('140','15',NULL,NULL,'login_success','completed','2025-08-14 14:47:19','User logged in successfully');
INSERT INTO `transactions` VALUES ('141','15',NULL,NULL,'upload','completed','2025-08-14 14:47:41','Uploaded arc-hive-maindb.txt');
INSERT INTO `transactions` VALUES ('142','15',NULL,'112','upload','completed','2025-08-14 14:57:29','Uploaded arc-hive-maindb.txt');
INSERT INTO `transactions` VALUES ('143','15',NULL,NULL,'login_success','completed','2025-08-15 12:29:15','User logged in successfully');
INSERT INTO `transactions` VALUES ('144','15',NULL,NULL,'login_success','completed','2025-08-16 16:34:07','User logged in successfully');
INSERT INTO `transactions` VALUES ('145','15',NULL,NULL,'login_success','completed','2025-08-16 16:34:20','User logged in successfully');
INSERT INTO `transactions` VALUES ('146','15',NULL,NULL,'login_success','completed','2025-08-16 16:34:59','User logged in successfully');
INSERT INTO `transactions` VALUES ('147',NULL,NULL,'112','ocr_retry','scheduled','2025-08-16 16:43:03','Retrying OCR processing for file');
INSERT INTO `transactions` VALUES ('148','15',NULL,'113','upload','completed','2025-08-16 16:43:50','Uploaded 461228094_946651137504535_8475665677864111509_n.png');
INSERT INTO `transactions` VALUES ('149',NULL,NULL,'113','ocr_process','completed','2025-08-16 16:43:52','OCR processed for file ID 113');
INSERT INTO `transactions` VALUES ('150','15',NULL,'114','upload','completed','2025-08-16 16:59:25','Uploaded 461597278_1045444953946557_2039167713515838212_n.png');
INSERT INTO `transactions` VALUES ('151',NULL,NULL,'114','ocr_process','completed','2025-08-16 16:59:26','OCR processed for file ID 114');
INSERT INTO `transactions` VALUES ('152',NULL,NULL,NULL,'login_failure','failed','2025-08-17 19:33:48','Invalid login attempt for username: user');
INSERT INTO `transactions` VALUES ('153','15',NULL,NULL,'login_success','completed','2025-08-17 19:33:52','User logged in successfully');
INSERT INTO `transactions` VALUES ('154','1',NULL,NULL,'edit_user','completed','2025-08-18 10:09:10','Added user: testtest');
INSERT INTO `transactions` VALUES ('155','26',NULL,NULL,'','completed','2025-08-18 10:13:52','Searched files with query: dwdw, type: , folder: , hardcopy: ');
INSERT INTO `transactions` VALUES ('156','26',NULL,NULL,'','completed','2025-08-18 10:13:57','Searched files with query: ka, type: , folder: , hardcopy: ');
INSERT INTO `transactions` VALUES ('157','26',NULL,NULL,'','completed','2025-08-18 10:13:57','Searched files with query: kar, type: , folder: , hardcopy: ');
INSERT INTO `transactions` VALUES ('158','26',NULL,NULL,'','completed','2025-08-18 10:13:58','Searched files with query: karl, type: , folder: , hardcopy: ');
INSERT INTO `transactions` VALUES ('159','26',NULL,NULL,'','completed','2025-08-18 10:13:59','Searched files with query: karl, type: , folder: , hardcopy: ');
INSERT INTO `transactions` VALUES ('160','26',NULL,NULL,'','completed','2025-08-18 10:14:02','Searched files with query: , type: , folder: , hardcopy: ');
INSERT INTO `transactions` VALUES ('161','26',NULL,NULL,'','completed','2025-08-18 10:14:38','Searched files with query: karl, type: , folder: , hardcopy: ');
INSERT INTO `transactions` VALUES ('162','26',NULL,NULL,'','completed','2025-08-18 10:14:41','Searched files with query: , type: , folder: , hardcopy: ');
INSERT INTO `transactions` VALUES ('163','26',NULL,NULL,'','completed','2025-08-18 10:14:43','Searched files with query: test, type: , folder: , hardcopy: ');
INSERT INTO `transactions` VALUES ('164','26',NULL,NULL,'','completed','2025-08-18 10:14:43','Searched files with query: test, type: , folder: , hardcopy: ');
INSERT INTO `transactions` VALUES ('165','26',NULL,NULL,'','completed','2025-08-18 10:14:51','Searched files with query: usa, type: , folder: , hardcopy: ');
INSERT INTO `transactions` VALUES ('166','26',NULL,NULL,'','completed','2025-08-18 10:14:53','Searched files with query: us, type: , folder: , hardcopy: ');
INSERT INTO `transactions` VALUES ('167','26',NULL,NULL,'','completed','2025-08-18 10:14:55','Searched files with query: , type: , folder: , hardcopy: ');
INSERT INTO `transactions` VALUES ('168','26',NULL,NULL,'','completed','2025-08-18 10:14:59','Searched files with query: test, type: , folder: , hardcopy: ');
INSERT INTO `transactions` VALUES ('169','26',NULL,NULL,'','completed','2025-08-18 10:15:01','Searched files with query: test, type: , folder: , hardcopy: ');
INSERT INTO `transactions` VALUES ('170','26',NULL,NULL,'','completed','2025-08-18 10:15:03','Searched files with query: , type: , folder: , hardcopy: ');
INSERT INTO `transactions` VALUES ('171','26',NULL,NULL,'','completed','2025-08-18 10:15:04','Searched files with query: test, type: , folder: , hardcopy: ');
INSERT INTO `transactions` VALUES ('172','26',NULL,NULL,'','completed','2025-08-18 10:15:06','Searched files with query: , type: , folder: , hardcopy: ');
INSERT INTO `transactions` VALUES ('173','26',NULL,NULL,'','completed','2025-08-18 10:15:15','Searched files with query: sta, type: , folder: , hardcopy: ');
INSERT INTO `transactions` VALUES ('174','26',NULL,NULL,'','completed','2025-08-18 10:15:17','Searched files with query: , type: , folder: , hardcopy: ');
INSERT INTO `transactions` VALUES ('175','26',NULL,NULL,'','completed','2025-08-18 10:15:18','Searched files with query: , type: , folder: , hardcopy: ');
INSERT INTO `transactions` VALUES ('176','14',NULL,NULL,'edit_user','completed','2025-08-18 10:29:50','Added user: testuser');
INSERT INTO `transactions` VALUES ('177','14',NULL,NULL,'login_success','completed','2025-08-18 19:18:13','User logged in successfully');
INSERT INTO `transactions` VALUES ('178','14',NULL,NULL,'login_success','completed','2025-08-18 19:34:26','User logged in successfully');

-- Table structure for users

CREATE TABLE `users` (
  `user_id` int(11) NOT NULL AUTO_INCREMENT,
  `username` varchar(255) NOT NULL COMMENT 'Unique username for login',
  `password` varchar(255) NOT NULL COMMENT 'Hashed password',
  `email` varchar(255) DEFAULT NULL COMMENT 'Unique email for user',
  `role` enum('admin','user','client') NOT NULL COMMENT 'User role (e.g., admin, user, client)',
  `profile_pic` blob DEFAULT NULL COMMENT 'Optional user profile picture',
  `position` int(11) NOT NULL DEFAULT 0 COMMENT 'Position or rank (0 for default)',
  `created_at` datetime DEFAULT NULL COMMENT 'Account creation timestamp',
  PRIMARY KEY (`user_id`),
  UNIQUE KEY `idx_username` (`username`),
  UNIQUE KEY `idx_email` (`email`),
  KEY `idx_role` (`role`)
) ENGINE=InnoDB AUTO_INCREMENT=28 DEFAULT CHARSET=utf8mb4 COLLATE=utf8mb4_general_ci;

-- Data for users
INSERT INTO `users` VALUES ('1','AdminUser','$2y$10$J3z1b3zK7G6kXz1Y6z3X9uJ7X8z1Y9z2K3z4L5z6M7z8N9z0P1z2','admin@example.com','admin',NULL,'0','2025-07-04 10:48:00');
INSERT INTO `users` VALUES ('10','Trevor Mundo','$2y$10$uv2Q/VDISAkVggfX92u1GeB9SVZRWryEAN0Mq8Cba1ugPtPMNFU8W','trevor@example.com','client',NULL,'0','2025-03-19 18:52:12');
INSERT INTO `users` VALUES ('12','ADMIN1234','$2y$10$TLlND66RAIX9Mo6D3z/Q9eQlbxsrG8ZVAB9ZLqjrTtHpVidVd4ay6','admin1234@example.com','admin',NULL,'0','2025-07-04 10:59:00');
INSERT INTO `users` VALUES ('13','newuser','$2y$10$hW3hp.Ruo.ian6EEUKoADOxGZUX8enOuwdMhjhO.y85jfUkXswS6i','newuser@example.com','user',NULL,'1','2025-07-04 11:11:55');
INSERT INTO `users` VALUES ('14','Sgt Caleb Steven A Lagunilla PA (Res)','$2y$10$NHLno0YjMoh3NRgB4a76HutxvjLjBGz/5/lKEMypNY5MDH2MHiQBe','caleb@example.com','admin',NULL,'1','2025-07-04 11:26:39');
INSERT INTO `users` VALUES ('15','user','$2y$10$OVU0nH8jZ7SIec6iNs8Ate8vuxx7xUSM10YePtoUZxhd0FIz3eRXW','user@example.com','admin',NULL,'1','2025-07-16 07:03:20');
INSERT INTO `users` VALUES ('20','Mary Johnson','$2y$10$samplehash1','mary@example.com','admin',NULL,'1','2025-07-01 09:00:00');
INSERT INTO `users` VALUES ('21','Robert Lee','$2y$10$samplehash2','robert@example.com','user',NULL,'1','2025-07-01 09:00:00');
INSERT INTO `users` VALUES ('22','Susan Kim','$2y$10$samplehash3','susan@example.com','user',NULL,'1','2025-07-01 09:00:00');
INSERT INTO `users` VALUES ('23','James Brown','$2y$10$samplehash4','james@example.com','admin',NULL,'1','2025-07-01 09:00:00');
INSERT INTO `users` VALUES ('24','Linda Davis','$2y$10$samplehash5','linda@example.com','user',NULL,'1','2025-07-01 09:00:00');
INSERT INTO `users` VALUES ('25','Michael Chen','$2y$10$samplehash6','michael@example.com','admin',NULL,'1','2025-07-01 09:00:00');
INSERT INTO `users` VALUES ('26','testtest','$2y$10$MVrPUm2p//zV63IKsr7zruGdi5Q9tra.GIc6yNYVcC.y3rlBuoigO','karlpatrickmandapat940@gmail.com','client','PNG\r\n\Z\n\0\0\0\rIHDR\0\0\0\0\0\0\0\0\0X\0\0\0IDATx]`=F\'tRDA.UAT;J衋\"H/\"]@_`J\ZBHHKYyw;g\0mî}\r}\rx)RI\nk7	_t!#SL(UTWΘ+ٰIlt/F4ij\"R [(I\Z\nrŋ;wnOv0,3G4=K!ӝٰaFUϟ??t8q\"gώz:tyf\Z̙kFÆ\rISKO>ɓQjU|_k۶-f͚E\nz쉝;w>rHYf/2f̨m߾RU\Zb>>8p\0{ݻDW^:t(N3gmK,q\ZttEiCu;{9]/_~E%8|piF\'|Rݻ>.gϞucpMsASO!88ԋ-?ݱcǐI9իԩ_gΜA֭IѣG1x`7n͛ѩS\'XjjԨsYfwxzg\Z/t~mOCO?Jv_QO<^zIΟgz4tIXB}xnwޭ3kW_\Zrʅ]v#<{Y^I7<\\zؿƏ	G-d鵘<0)SPڵkz|\\uO4	4h.0((HmAGW\\9D8Xb\Z8j,[\\+SR%Y8**\n|n8J1c~B&Mqy5FGgKƐ!CnDDgEn,39q8g_r%Uy̏>[lQ[qN\"ܚV^,YVZZ:xBwT֭1m4x?Skǹk.7=JƨUqMcE#00\\Qp1#Gw`ꐎиqcܹspT۶mK*U*xy-ݍ>\rJeOӧOKG\05=n˖-={/`ڵ+:v^piРsߺu+\\VreKʕ+~z0l9}6\nLCNX.M1_~%xM͋2eʔ/^Æ\rh*GL2a/T>DSZʿ[%;9EF5k#:75I͛7P0tSZnZZ# <yx`=\n1fq%a1:wsq{pIGB\ZAfm+V΍]v-۷[;˒%Ksu;=z1xMxl-J:26H\\~\'!-D\r둂A=9umi=i2K*6UX1}˗o(eBu47w\r/\\\r55`?<{!IAres<yjӸ;5bd,ڸ;iRy:<wyVR\ZUMWh!ʪ\"Ak%H;I⨀QcH JO˔CՑ	sHurȁ\n4E*Tr!G45\\~@QxF<9SRyf$Y_SygA&o>^ȑ5\nUh^su: LQP8w:x&G!2 _*@֒uz<[x\\yѴucQ%f59̷sHsYe86uf93UʣCrl^́uːy\ZYK5/Fβ5bwIN篶x@򌆏\\D`%8>)z \n#\rqOTrq;-z@С_(p-$Nh?$j\\Oe\\x7Ϙ,\Zaj!,2AQ6ǿ@|3MTȘ\0jĺW\rkXlZ\n_BO=c!+rS@;.d+Pg2l&=\\!Hypbn_J<yP$?Gt\ZD[ _l5ObibҤ!N>:J WnajJvWlǶ3q`:\"NzUrg}V|[!藯`߷D:7y+_WNEp&^؃sصDȧ$ZDLp$v{d`ϩ`,X#Jίv.:2;[I,]\r^m#p0; /24Uȣ(\rIAl/nuC<wH/=N!h9ߘߓ6V#uTa<2Ov\rk kbe6l޲~ֈ\Z5:(\'>:rMt&TGb;s\\58X{\"x|LU(FWE傑#1bHE<6C 1D$1XA9H$1P  rPIޭll}*\"[{$zd%zVDV=D\'^YUPdZNtBg;G#  sۻ]9dVG吩M9dv SrpU9dzBY,L-Bl-ě\"7DQ\"c2&^I4I4i2Ф426)2CpUщF\"_).Hr)(^I4@K!]HWuEPGtvI%^,/^KD\'jQij.B5ѫ\ZߧS=hjJI:jr,tT,0!uɡݤpk(G:iP8p6Nt\ZVCl:v\"&yP\Zׅ,(E&41MliwuLa.OH_wJ$X40F>r%.nO4St%褏RM\'mBl<N\nC!M槽[\Z`&sXNII4[nr S%1pQ3Óf¡Gy#!ӗ1Cys\"J*WÓ$4I%zu=oy4!d\"K$ P2QUYTsGydH:sR5adN$C@B`6<H\0Ð|F18oRu/=F\\<ǁ\'9\r/*Ð49#̈Is|À!9eEI3C(s 2258o\ZtXz@L)$cbAnL8)k\\y] VJy,=`1D%R>! M!Ƀ3@i-^hd|,Q!K\Z!pۡ3\"p.MXz4\Z$Ux0`bxR%	M\Z	0y1c$`6N^(tԅkN>M;4ʃbq:T\\:<գ4!Sg&dUgz\"CXkJ\Zd^s%r3\\P.`8UF[Uz%M-T]W,l|nRiVQs CN&\"ل 2tkQ\\V*%fIQc D&gH\ZBҩ.Б_4q:\\t*SbSeS\Z`\'P[:iREtmSpآJmŐF];+Gi%N(I\'&Šp,CNTrpzc!.bٚX0 $F<r~.\"%%4\0AK#Lg6#aLPǑ\\	0TE*Td(qp\Z\Z{ M&!-n{@qg@ƈ&\Zd!4ĦB\'k!F*@\\l_2!@,8N L)Zd1&Z(5A,L1IF\0\0\0IDAT&|3fsR\'ӕ9?	:1$!m-o7`<Āy3T9chk\n\"9uttT,\r\"I6NAn1M\'[-\0d	蠰$uNMlQcæ 4@,NuGo9Bnuy1FH-)M9BmvTVUsE3X:m<^DǅMZNs	(%.;tGY-w1YT.[<P>\ZscC!XPDo!Ce\0\\TE&\0RK`YaXNe퇁X>\0:1;\rǲNbw]aXU`A:[<-0+zP,1+z|{V8y؂|.r廢;HSܟbͩP.^<+aCXW1T!13ń8\ZA]I!ɑDC\0V.&Y 8KKǩN9њr5d9EQF1v8~z\n}`ߕcD{\'rcgK2V콗\'{+ދ$h/Rf0O.?d˖-Q#C˒~sv{8JBtNP[J\ZO7dA2J`P$7ȁx bOiT棤S z8b9Tr9#9W%\"B&\nyD$^cS1rD9Pɧt.7\rr1\rتn\Z@ڜOhNcΓ骸>!}%J]z\0VWzO挴ryQ@NPx/<7\\o,>k^xA0)6pU~ΡF5dwA|D#r$q;mHS>B:܉Uz3&,sH壡.󠓰&%Q>]:mdLX4Z>6T15Snڴ	&L\0XOf<cwBIϞ=q?cyJ|{7JHN!OF쾸!\';\Z+ G*L,kE|!@FtH-BlѦPCb&k~΄\\гFV-,By+m6|Y}Ϳd4Q?exȞ:nH=\ZCSk\'1I-Ģ$ :v/)q!7\'i0:T\'\\2	S/szNJ|%盃bvMG|4:Fdz!PF6Nwpbӧh;qw\r)`8}ɐ١C])&Mn\Z}AB.y[?~\\}ӕ:kCoq͙;vԩS/A&?~w/}0k&ȟol@q5<ų?sFBZ//.4=U&pLhDvi=S0%7ANg̅aGWG7e}RuSOęASc\\KBiC.\n:A*%g1mq1\nʡVN\Z)\n\'TÆ\rOQcbf@/C]\Z >P-%hI\'#iѼ\Z5j/_ƍѼys.\\oFcV_䅟/_>WsVTq۷GӦM&8qɼy>. לWlYp?|ZP*T\01v\' 2;uMW6Gs [?ͨp>\r7+K t~\"|\n]M;Sa\\!rz\r4t/㏎?_qlTr) 7֋/`]Q$1!$M9\0\'B,*1Bc#\Zb}ph7^:Ȩ(Ih(߀ܘy(ur- p2P^U#рt֯aJUieMڦa?3_~Or31v3-[x1[#bIsM|8WZю/LΝAXx2\"Ҕ1II!!q\Z=MH$C1F	N1@KD2+n9tX`t\n<:fJp!:)	9\nMfOS`ÀMHenʈeup!ၠAPH8o(d6bS\'!#jh:y%E}m}\\4tH\'+%KG/9.p8tk4aSq}4EA4jf\nˠw8)s\ZN3B]DwP%f^0x\\_mJ͒Q	IG=)&\\6O!\'IﵴTUҘNf+ACƘD	.hB C`p0e4-,VS:QM0cPTe$ݴ\\y|0JERp#y *2~s\"u\']qCqMU]K!&.^gԃT}\rӶxsub5I<7_|Er|< ;7̹Ƅ9j\Z*j}-uA\r5}c.>j.PmDgTՆwFaDT茪;PuH\'T*N \rDWtfE\\u@\'TQ O/@w:;b*tDޢ+DzMC?(J\\0^.n&\"Ec4]H3tSTs<y4b(ixipPXQ|X$բ\ntTM9Hsƨˬ\ZpFMk-)+KY͙`.M!byct3dtqCni\\Ʃ;+&c%y,]lJE$N%Q4L8yi£_4խ8\riAl~5m0p- OL 8R}	qC*d선<QgꔤhqTg\Z&A]C\"ѧÃNU)tB.\0A^Guv8Ч\"SZp|J+	8΢i9ɱ)GcBEhE]N-!E0i\Zhzk\\C2o4L>YAHgHuvkIA:A9)OL:@S,X7![Jh	HEDDI9H˧֯HxV^,!R9t.0W99M|D1ur9UhȱYBI䩓$4B>Gg֏ub>]SqSJsc4&%A5\\b:Ff\'Tga7:$*GIJ7!dz@ ̛DM;s	i@xj3Au48)TQIVC7/&pO/B$B\ZC&ҵ)1կ5.%EfB1 <=Hi׈9G#2i)ĠUAi-]ET#s0xBX\'R|l-оY>90@8Ty>%\"2%	J:ID:K<<*Rb\nBBw`̡zk~q:&(LpMyk~!)2ePuFڜHD(}hD;ƥ0dq$uu41Y\nǉbr1#qe![hqaqcƐPW8PCu+9rB[yԘZkȐ0\ZBM>=TRsbEKG\'3Tp\rA\ZU1JgC8Hn!c37Br8a\nrGI%	uSɯ<z\\ʕ1a9\'Pa\03_0?3!\riPy\rmS1p/Lʁ\"\"to(ψ^D\'퍙s\"}0yPf%EDYEeD\nfbe9щ\"\n``e29\0\0\0IDAT``N%+ʻSE\"j\"sb\Z5E쇹/WxQtEy̯be=뻠\rc>eX,xYl\0|\0,xOH5DSMSf@$$íAX( 8RtmEVED[,n\'`qX~wpAGщN\"-t%DXE\"-t.RP83\0K^\"\"X\'\0RʾðB|N0,,\'rc91pxO:3fv\rkܟbÍ\nm7JN1}!Yzrہm#TJ2\nnh6Ǯ73t?Jtcz|4J|8C]=moŌ1	ޛ_\"_5NM	=A셳}p,MLov/^-K³\nbI\0UWR?h~K oZ/{n(9k>&TS:c5sb`uL>\r\r+tDm+pOuODPn+tuoWR>+m`L1?y-uo/nY(:wmP^V휈+ʮ|Ֆvϩvhx?&̍>DN^xmcƠIg8,;*(q+b-	W6WR?Y-ƮѽUw\n!˻kѤT1VA/ۯkfNi|w$o<D=j͋3pMbĨ{1}:tqZ=m{\"-Ŗv [*kqe2h?𽒯jLiڰ&~X1v}=ayg⇦A{ݎ uknFZ\'zv#}^]V]^nx{}vTAN;nW*`o*=(T )L뼯\nfJ)7HJ9:clBJ=o0$7={65pرdNj;n[{ ͖DiҘ&:~Փu{<ۇKZHILl-P{T Qm!(BS\'>c>yǻEFF;G|:]gaX^oj4i7֬_ng/QH޸m:u;v#%\'HT!mk5l}dDAR$\"ܭu.^?X*7ȃ[ٮU wW$ǲ\'07HΒL+`odzbe%Lɞ5s¬*gɐ7\'XzHTdG~,|bv~)ؾv\ZpvxT Qm#odW%\'xkΔ1IRr:\rw\\K wM++`oXlPIp\'j$Co\'`)i GA,8{nZW\"vFPDЂ8w,.mT5~[;.awm fڌK&Nh4Zt\Z;ObQƎh\r\",*Z,N]\n? 0,a!8n±Bx Cc@q f}GΛE.\":MoF]Eѳ7b7V\"R0poDMo?$Z%YzݏPaS;2P&/ہ\'c0x>\'.a18&؏rY7p:6k5q<0~ƧȜ 6\\ȈMZ#õ@Y\0c~\"[5<@<1yvLޢFabsu_5c+Voo͈?uQLTGjl|:Ùle)3Y+bM({K؂w&edĔE[=1jLNVEW\n3OSX &NYDV51sB<^*~OS\'vmo[hyd&S۵rikjXi[Nҧ\0=^x@Nώ\'ٟAв}[TΗvU>S(V]=z\r_o~[F>f1/ۭѫ	C++Fg_Ұv{y=¯@5G6/wztA@ܳ=<۽C[<_.}G&/nۻumī_:`a\"յ:4ye@v-HAh6h^X&K\n%T.;]dW{$Sj/(!+\r\0OOO^9\Zu¾UJC\'U˛9|oZv,An:8q\'NJ!;(ľϷl^4\Zou7nE)S`߾}㚠oӦNsS=՜i3P*Ӷ\'*Yw=mĉąjŷ	A\\\'4/,߿uvJ;0ǯcǎEz?D|r:vҥ͟#0v 7_YMU~;v|6lF\\X|;\\)}|nlճvˎne0mT7ez擷5뇧}=۠_+vk׮ٳ&ua>xBg04}z)DɧǼahFWĉ6mZ|	A$_nիW=<;5+V 44AOQydPAn*[>Ie1˾[͇΋u4]mNTz4sܟSS{w#?m_KٝɈ_~阙7*;\\kv*ٍؓNTڽsb\nsG֌U_*ٹ>:v)ёw8Pfա~~\r7AǊtơs7ȫx<M&Uz2H/ALw<-KJz=[V-9{9RJ>۰	\rݺ)\Z\"WMƋ~`?J7G\n7\07o-FNӘ\rdz\rC^jKԨJ}J\r&[nx{0No* d֭ձ:Reχʕ+;ci\0όn>*D@Q:iFkj0Rexx$Rӵ-\'O5ꯁ7WW3~xg~`uNiQ-֭C\rYB_D䂒9ÿӵ\rol?_CJ0#^Tj?[1֣y#P\ZS fjz{{v&b=L6O\n$^wt_6EF#::MH!02m..8d+:N|8?Eev<أ ȳW͹r@%PYo@ՋtA0jہQTt}Mya4`w	A8A`\\X[6\"0}hub6A`qȑG=[fRlC:\0܃~ 6րą{`H9Çiy?`_1Y=7\0[~7/!H3s*T,9	}^>6C]]s-v\'ڎĐ<Icv* AF_4jYAa@7go->Q\0Qs6U\\sb\0żcA|ѪUsa\r_:G\ZdȐ!z`띗à!QU!U|hӦ\r__)EEpMIt֚	?\0G޽p \ZiWQv{H\r(`ۮ@l5߳ɞ9s=~aw5YfwųHnӧOZfH5H\n$3duǝ#3µ>o\0\0\0IDATY=@m$\\dp:Wo=l<L:cX1Y\0:DyU ,[~ٱӦ~+,YCfj>>g=UY8~;R~aGr|?zhs2x11f.;??-axrfo;q~,EMEhhk3(+c-2u7:R a~Eִ8{!\nϳM\'e\Z6O/]4Z>J7-5pA42ΞSS97򿌅3[ro5k!CcWe{TOA3A6}|-B*I,8Ukç.~9U/W+!#k0߽Wi#.!3P`zD\\Ev=h짨#{= ϛZ)/LdQDGkXz/ӰGBd+ٰɐ\rE/+V-_IS]r,TO4]Oƪ\"]\rQ27ϟE\"@:ՐP	񘦬OxJ\rVG*J%QՆ%QDUZJG68<R^rj[/l/hg#K\Zo<%]x/(Zi*; d>\\(H\\:sܿe:;EЀ.(.\\D˥g?ln9f_ŷ~Łkn^ἳϑƎu{;Z r+sٳ<?%2z4C<)gV\n}k\0_\r.GHߎNCcÑ΄`!+߇TKnhR\"^퍽{N_\nFu_C95#4\'C!yUw_vbGqAвBkѮ4[X74>+|NJS-~?櫀E>5c>\n5B2b;x,nl=b$/o*AxwąL7Vh\\)o7yhױZ=O@Vo*<SW_HC2<xkݺ5L߁)ħg0lJOxn/<cۃGB$\n\0N+\n/ Su=WU	s=Ѣᅹs[d]&E;bΜY\Z0gyiѭ\Z5F*~ȕyktDKyWiXlf˘\'pscFL-\"랂⾮Od;\\98<qM^`czw(93?xK>t|`Nت%(`r-[aSNoQ ej|pZxǀ~Nح[{Bܖ^|4q88ר:w*ɂT9[e\\ݎ;ͧj#G\"ţ@lN7JV\0\"/QxͷѸİ:/^H7Un)Z&A˱/o9n/)S?hxJw=(X\Zod}.D޸@uCF\ZޓWqCs 2<Ǝº\r\Z4{?.%CqE6SuŊ[33)ϛ`S}0(\Zm3S,{1ãU+H(酡_D.%ۭ0+xǿ?ӡe+CWV1_e#+ECc{8]:KoSK7?L16Ɍ}v,3qjm{oGDc|[tiQa}\'E(RO}zA|99[ݺu\nx7NjPP~Pw:bj]%~apZo+W\\k>@n6e&u/ _]ET07.aܸq%\'}0^/	Ǩ>r8\\ظqc*ǹΝ;WĹ8Ȼ\\/z\ZOXW%빆T ~Ǐ7dƏCQ(Z=\'Fn}SVBtӮxDA 0_\\816KCwQxolٲ!).jFIka\\xo{>=vcOeʔI\"ɫٿx7rrJvL>։K`=o>ή@A\'+`oG}O\rr?UǤ\n$Ŝj{S{O1)I1^T$00~rcRZzoARJSNߝ`) 37QQQa ]wztYlxu;͔tqH7H\n>Iazyg>~A\'+`oG}\'\n$Q{ryg>] wU&R+`ozuU\rrWeI)Ig^]U wU&R+p$V^wAR)|/7ȽT榸\n$ŝr{R{Kln@ )N7H>=u\rπ}D]{$cOQW OHI$Q{rIŞU\"Aɉ8+`oy^Y%\n${\ZIb\'I7Hr=I2Ik\r\\ϬAvZ{$3kV {\rϐ=GZ{<O7Hb?Ci\rHhn7ȝkd3Rp\rO;W wH7H\n>\\{ܹF6+lF$ٜJ{!yUs&\n$ٜJ{!yUs&\n$ٜʔN{<zGKb7H;atn\rpm-U I}7í}\\8fo8b\nX7U	[(ˮU{X]8*`o8b\nXH\rb峥]dU{$i/&+`o/YU tڋI\n$+jKV2_EB`>\'\ZA]\\Lp\'$Ιjx{{\'HKIW =N1P(D/\'#!( .DGUx{9s<5?8r:ZCw#ɥ2$)mN7ȴ+f\nr!dr}X-FeCC<5x3 -5D2ZΓ- ߐ,Wȸ 6IH(paJڮG(PӜ5{6hO1R<tx4jc 꿏#h>T\n\r+VDBlYR(u7ݻϻk.G~i!kx^θ-\ZyK\ZǉĚ\"8:v4pp@d\r[PwUN8ncǎd,8|kة}6R-nDdgMIoNF180R!ҍCdR)N6#<ƍDG^3my.vSp8ٿ].E-BDDJʚ5+2gΌlٲ={SO=͛ӯ^NrfE@\Z8x#\rµDG܌uL+,,&u115YW/ܙz\"ׁA@쨛cTD䪩2pBţ#44Ĉ\r^Z7䞌[0Jf|#08[8jFGOqDȏ0=E\\,Ț~#:<ZG \ZFvkDm>>>N6MNx챜N_~kF߾}ɓh6	\0\0UIDAT(V\"r\ni	(/<{ҤCEQVU?qA@0N9{cspܳgO,هNTȔdމarGD06ǪވǱBDgyvl\'nF@4ڈ~3?^7`p!%.\0k!xE v;dFh8Nv\nQRDl}{+\"4$V-wRt!Z];:}TVX\'pիƍk׮_<s?EiQoh<7:/;7֞e	ዞe._aN믿vZisU\"(2w؝DI\\9˽vmP?	FTT8\Z+Oqudz*h3f0(~mNLMFGƸ\ZϏK|V=yfiAX[i=5!>F\\j!#G|˙iЯyxr~vߏAsd_=\r ֭Æ\ri&l۶\ro-\'7GiQsd[\n9l2͵2;G GqK+Uʔ)rʡ|(niD\"sH9;V]Ց((܉=Wo9ŀjk$\rr&I		e&Y^Oo.lРAT+N>}3m$yb*~mOqah#G͛c7a\0\0\0:\0\0\0IDAT\0z\0\0\0\0IENDB`','3','2025-08-18 10:09:10');
INSERT INTO `users` VALUES ('27','testuser','$2y$10$kh5nsShh8uehS3IXTFWaEOLGnAQXP37ZWGQfhXKVGt16Jy3Aai3w.','testemail@gmail.com','client','PNG\r\n\Z\n\0\0\0\rIHDR\0\0\0\0\0\0\0\0\0X\0\0\0IDATx]	\\TVEEB~ejde\\H*,,4,,KR\\-eڢIVjWr%RSTT/>26,|9sϽ{=F\Z1{@0@h:t\09=`R{Wx3f͛79AJ;x=*TzSFƍq$OVbYfqql2|YYYرcrssuVpSÊ0i&9զM\\r2QAm۶nݺ ~yyyXz5>-[ $$$:s$\'\'|vz$TX-[J\';oInеԺt=:w,JHڵ\']A*I#P_\r{dq|ɧ8W(|l۶<PWo+LWJ\Zu޽@WI6zȦ$錂9CX,jʲ:CR嫤H\'?)I@Kc,ʟ|^Iү@%\n-^oWJȽUR&ɏ@Ji\'jmGSޟt)PYAيʗFg`}U8=qWbc3\rKvViS\\v&y6C:ɫp?ţJ*UVlE4%/X/|hccTϴa;w.ߗ||_DyyJ~$F>wơC/}c?*Vc[P8<K9M?lUq1r_3CAv}<gtu8|4#2j{NJPőm$j[X]iً\ZSQuEW:	lLoФd<?Ka={Σx\nD/	?yմth.N7W.#l۱Uh<4@)%̷/Ʃ_cמX}̊C/OL	*A-TJ-{3\ruVY<twwZOlCh:v\rZ^_Z/O_\'Ӱ^BƩbxyxp3b26$}!*6G5TlG\"W@l>`\'|_+0K}l}Ͼ8O\r͟k`y?FA?}r\n,OYFOΏC\\I-ʨ}6!,%ީ~{P2g:&|\rY\"nk\rv,OF)?\n_;*S A$T6TփltH׃l\nűqNyg#kLҐk$ΆZH?%	AeBw@[U=i(#{6ĈX	u{r\'bo ךlXLY-Hjr-&|dRLK(gE-\0ժU_&.Ɗ9|f1\'ML|idKE\n;s9\ZNfd&ebXzs~9rRþql=p&yGǸ7´u.7~\\[?9>Nl3\\</S^*\n_Dj}1&	&1ՇPEU%[FF:֬Y\"k⇍?!;OՓDM~fMΑb	5W5#?U-M<,}U%)JA$A_.8UVl}K\\bUZѬ-1g\\_x5,a$Q^k#\ZлuJ2]ן9sxmidK[4-<e7/&%>^Pvt~[4dEQ?c`3wOP\\v&=Yʾy^aӘvhѵۊkcfX=~CZh5iX[$M~#GMy{Y)AT$U	H$K?/FͤmE+6/M:=c-Q\Z;&~B:ue;CH\'OtATTM<jFR=t7%\r|)ʚp|8z;gX=)bHwĵ؍ڐb7jC6ԃlt!69^&IP6#\Z~xݞAk\0t 9@0SmRvG\ṇT6ҕ1g1ӛ;K!~j`¨glcU<ge\"(eW6IU#OH\'PYIDTCo\'@J^}T%]/I\'(eAT ?I:lCP¤!@tNCA$(6.v5}[;FOD)J_zIv(en䯯wԕ?I:}Y=EPe_ԵZj9Lr-ڿ\ZmV5kք/C\0܋2	⁋C.98AJks{ȴJ؎.Z^Dc{#<CɟA$\r|`1慭̀dDfNc^H8A$\r|(\r/NZg@I{\0@=D5DfNc^ZxB J<RcԨ=NOX%c1	RjsǞ\0\'\'Y\\	2*972	⍫sr .y# ޸<\'1	2*972β\0|{ (NBa33@pf8A\n!\01P	B2ObēVZp8ܡ\'1	Ic-1LzFG(nyA9-gp9 .zӧp\rV՛E0Ѣ2pF#81	\"]*\r`@&f3|%;A-d#d#DDD{`͑@e=Ne)M-,IGЂ{?S!*Av*7`+F\Z%&O3_OD8x;w?Xi?b)9gz a#aN[Ӻa󤟑vZrؖ-[ϏHe=F|\Z#G\r{B1w<|6jw#m̙}Hv6F݌Omz,JгxYy~>B׼PU4{{ϔuxhժbccѠA9<hTփla@[tl wB!$vELsq_LFvm/ދ +mEټ;\Z<66yt=4+\ZjV-F\\adBRRS:%ҕ|\ZZ6]&ԮӻG\n ?|\nueTbfR}͸U*w|~!UllcY	#+GSsagg@~HwBb}X~׀>ąۯ8)ĉ~ŦփltH׃l{\rʔ)#/=in\nF:ggg@&]*had\'8ʇ	N EٍFqQes:ǀvw;5ttGF(!*+id:HwDQv:ijoGkԨhn?B51\\\0\'kx(^\0\'.,O5pGpx\\\0\'kx(>5WNZnp8 ><Ygq1)8A|j}7>N[1	FCq?0\'p533mUlv5I\nrJ@͕_$_g|z]MBa%ܟ1`[.53p\r9Aę(9vr3/bċ맒D]bă戞\0Ai{DǫaAw+.;|	nb<e/D7u		i{DǫBc4yz.Jt%3dY-.r\r<fNc^H8A$\r|`1慭̀dDfg@^\0\0IDATMp-99Cb>x\\9ӑkM¸sdlV?[gk!R{@/V;9+oXM}9jSK_*ݵ\',02gOnDBDQ2~[=_+^٩D!<ϟB橣6]wߐ/Iif䊣\'Q	9=Y\'b\n0uo\r\rEٞ3=CzLtCzB*:=3\0 5zl68傁Q,H\'h#@LXv\n/+,?l7hiXh6̀	xcēkOXC\Z/4yCޤ3l\'*rt+هYDWH_7	A%B ҇t3g@<>/lҥ4+0WTN\\Uꁯ|B ޹_1VCqD~ +\'^ g\ZOE4sy7\r78e\r]8w[DôiWavaqEߥmE%B%m_5iC5?Lh_`(Xqc!P	YQVc\"\\CqU¤	1axm|}àHuQR-Z4M<7yV_hDJhPhTKZ<Z8@EԭL\"\"8\0CIIk`(b*fjY@Mj|`\n2`!m\\bKp\\\"3`Ā(!Fͷ3{7 ۱e0:t0Arη[|\\\'~>u:cd럣MCqGZc~Gq㔧?FZQnmtx]/T1y.AElcˑUh$>y[{\'1v{Wٰ1;!l<P#0}sh	`gd0(mh8:Abb\"&#J57t6Ӑq<)SfK>7ꬸ#*CL]<AHL#\07DН1Q^CPP@VE~iK:\"4 a{\"6WM0~iWGc@@#\'WF\'^X<s\"+VZJ;*e;_f\01>2vW\"ɢy!OB %-h$~:GvAJ.KhKO2m7ft\\z;\":~A^:Õ\0chl\rUxXE5`Gv1SX3rP-]ϸ!ӱjj̤\"帨!\\.%.n0	h[j\Z\"\ZvnoŝvYpzsʆ%\Zl ]2?=>ViIUKV=XQ*\ZP.\Z\"3a>z,Ã/ǻK>[BI Z0J#>FIfeoeu-p\\kgВ\rv<3Hp\r3K	r\ZۗOƒ%Kpb7s>fNP.ۢ_g>Ygɺ3äk/Q8ٱy-}	7~|CioT2,?	o=o=o\'j2~Y5_%؟P_E3+lK\0k|2E^\Z,%vsh!Εuf@ǀbQ2&qKK8cxnP_Іҭ;^N=%\rhg;Z5+\"P˓q^fYD}s$Dǎ\'n@Yoo=A8bڴiI ^m60}( 72<!KphHzU4	[\n`FǸe&kɦ?Oڕ\08C:\Z&ڿo)7nhWsyYS`.W\rg{i w=!ҫf~C>G<-\n.^y)/Y*Uߋ2=lTpQ$%ExH<OաJݩV&,9MU~#Aջ!ɀVm<ENa}VM4\":,(o2N*2yheLS1֡fh?-q-\"]Abc{eD=`2sf	<T<EZqfA,W $~ɀVd-W2>\0\'o\0~hQQQbrP4u\\[v|)ݚN^\\i3	R+5 n<<fW/-/\'Hhb\'_eWW],8AE;* <b1	R,WUx>\0\'-9O8Aa}}N[r3h6\rphp\'xX<cye@hX@ ]6F ]6JJJzIvF:A6F:;#{NDwϭЌ[-RezNuʿJ*pDժUA^vK	A6F:A6U\\YQIW֫̓sAԂIӣp&)?A%.LRͧsyEL}*7>]Maӆa^/6A(J?s(NnȀLoKjŸ_b=HYYswHIX+]+HWj3Tv=EԾZIwp*>*ccc93vxm^ZpZO!0,ßm,,d]@*h)>T[&\nzvs°N	BPQGp|l2$$$ ))I?cPҙ^Àf\r\n\" CmM~ߍxdCje=ʢ~n*ĺ5K(IHs[\Z9Fb$~0o\rzޢ}_ jtj4?AvgK,Ŧ2-vePYJ}6KOIAl%Og@&-~I\'AuF6ܹ+Mzʞ!x	B˸]9-H-ND0Cz a[ZÆ\rԭ[Wqҋ_w䩸NsNw_L_2	Rs\0\'T)UswgWWhgϞ79u/|\'Iuy[S%`\nab (NBa?bk\ZsxRD ׃U5pxRD ׃U5pxRDJv %7apx؂pKN{08A<lx%\0\'Hͽ3c1 M̀bD10`Ā61mƍ`0$\Z1ƣ`= .\0`ʓr bx% ^<)W1	*&9W2	╼<NY(f061mf=gyovsDD=A\03`Ȁo1e8A.s\Z3p WPf2 `N+(a3pN\\T`\0\0Y\0\0\0IDAT\01\'2\0\0\0\0IENDB`','1','2025-08-18 10:29:50');

-- Table structure for users_department

CREATE TABLE `users_department` (
  `users_department_id` int(11) NOT NULL AUTO_INCREMENT,
  `user_id` int(11) NOT NULL COMMENT 'References users.user_id',
  `department_id` int(11) NOT NULL COMMENT 'References departments.department_id',
  PRIMARY KEY (`users_department_id`),
  UNIQUE KEY `idx_user_department` (`user_id`,`department_id`),
  KEY `idx_department_id` (`department_id`),
  CONSTRAINT `fk_users_department_department` FOREIGN KEY (`department_id`) REFERENCES `departments` (`department_id`) ON DELETE CASCADE,
  CONSTRAINT `fk_users_department_user` FOREIGN KEY (`user_id`) REFERENCES `users` (`user_id`) ON DELETE CASCADE
) ENGINE=InnoDB AUTO_INCREMENT=19 DEFAULT CHARSET=utf8mb4 COLLATE=utf8mb4_general_ci;

-- Data for users_department
INSERT INTO `users_department` VALUES ('3','1','30');
INSERT INTO `users_department` VALUES ('1','10','3');
INSERT INTO `users_department` VALUES ('2','10','16');
INSERT INTO `users_department` VALUES ('6','12','13');
INSERT INTO `users_department` VALUES ('7','12','26');
INSERT INTO `users_department` VALUES ('4','13','3');
INSERT INTO `users_department` VALUES ('5','14','10');
INSERT INTO `users_department` VALUES ('8','15','16');
INSERT INTO `users_department` VALUES ('9','20','30');
INSERT INTO `users_department` VALUES ('10','21','28');
INSERT INTO `users_department` VALUES ('11','22','28');
INSERT INTO `users_department` VALUES ('12','23','27');
INSERT INTO `users_department` VALUES ('13','23','30');
INSERT INTO `users_department` VALUES ('14','24','29');
INSERT INTO `users_department` VALUES ('15','25','30');
INSERT INTO `users_department` VALUES ('16','26','30');
INSERT INTO `users_department` VALUES ('17','27','13');
INSERT INTO `users_department` VALUES ('18','27','26');

